problem_name,constructive_heuristic,perturbative_heuristic,best_cost,average_cost,worst_cost
a280.tsp,NearestNeighbour,---,3160.39,3342.53,3523.78
a280.tsp,NearestNeighbour,TwoOpt,2719.11,2806.02,2910.54
a280.tsp,NearestNeighbour,NodeSwap,3014.90,3134.18,3418.82
a280.tsp,NearestNeighbour,NodeShift,2864.26,2994.54,3213.28
a280.tsp,SemiGreedyNearestNeighbour,---,5210.64,5472.10,5744.41
a280.tsp,SemiGreedyNearestNeighbour,TwoOpt,2915.61,2980.15,3073.50
a280.tsp,SemiGreedyNearestNeighbour,NodeSwap,3513.58,3754.32,4025.57
a280.tsp,SemiGreedyNearestNeighbour,NodeShift,3281.57,3501.91,3852.63
a280.tsp,CheapestInsertion,---,2949.02,3130.43,3201.28
a280.tsp,CheapestInsertion,TwoOpt,2858.69,2914.04,2963.82
a280.tsp,CheapestInsertion,NodeSwap,2947.47,3055.75,3137.05
a280.tsp,CheapestInsertion,NodeShift,2836.08,2866.63,2936.67
a280.tsp,SemiGreedyCheapestInsertion,---,3281.51,3381.65,3486.47
a280.tsp,SemiGreedyCheapestInsertion,TwoOpt,2861.64,2898.77,2953.29
a280.tsp,SemiGreedyCheapestInsertion,NodeSwap,3035.68,3171.54,3305.69
a280.tsp,SemiGreedyCheapestInsertion,NodeShift,2871.75,2929.67,3011.89
a280.tsp,RandomInsertion,---,2920.47,2994.13,3091.82
a280.tsp,RandomInsertion,TwoOpt,2803.09,2917.28,2959.49
a280.tsp,RandomInsertion,NodeSwap,2927.21,2996.81,3150.17
a280.tsp,RandomInsertion,NodeShift,2735.54,2842.78,2906.91
a280.tsp,MSTSimple,---,3481.84,3558.25,3630.12
a280.tsp,MSTSimple,TwoOpt,2811.94,2882.65,2941.77
a280.tsp,MSTSimple,NodeSwap,3292.54,3400.17,3491.81
a280.tsp,MSTSimple,NodeShift,2978.67,3003.26,3025.83
berlin52.tsp,NearestNeighbour,---,8866.87,9483.11,10299.37
berlin52.tsp,NearestNeighbour,TwoOpt,8055.68,8276.40,8509.40
berlin52.tsp,NearestNeighbour,NodeSwap,8134.90,8840.93,9579.19
berlin52.tsp,NearestNeighbour,NodeShift,8082.97,8361.18,8579.03
berlin52.tsp,SemiGreedyNearestNeighbour,---,13133.63,14673.33,16849.06
berlin52.tsp,SemiGreedyNearestNeighbour,TwoOpt,7885.78,8210.22,8583.12
berlin52.tsp,SemiGreedyNearestNeighbour,NodeSwap,8757.26,9649.45,11024.56
berlin52.tsp,SemiGreedyNearestNeighbour,NodeShift,8339.17,8750.54,9313.64
berlin52.tsp,CheapestInsertion,---,8632.05,8901.12,9040.98
berlin52.tsp,CheapestInsertion,TwoOpt,8237.98,8617.14,8814.92
berlin52.tsp,CheapestInsertion,NodeSwap,8676.38,8885.10,9130.04
berlin52.tsp,CheapestInsertion,NodeShift,8264.04,8444.86,8483.52
berlin52.tsp,SemiGreedyCheapestInsertion,---,8906.51,9668.51,10193.67
berlin52.tsp,SemiGreedyCheapestInsertion,TwoOpt,7927.23,8295.54,8657.62
berlin52.tsp,SemiGreedyCheapestInsertion,NodeSwap,8370.70,8700.19,8981.21
berlin52.tsp,SemiGreedyCheapestInsertion,NodeShift,8158.34,8519.19,8909.85
berlin52.tsp,RandomInsertion,---,8211.15,8478.49,8903.28
berlin52.tsp,RandomInsertion,TwoOpt,7867.32,8236.02,8599.15
berlin52.tsp,RandomInsertion,NodeSwap,8028.98,8304.76,8699.02
berlin52.tsp,RandomInsertion,NodeShift,7770.65,8033.40,8364.37
berlin52.tsp,MSTSimple,---,9590.32,10082.27,10282.82
berlin52.tsp,MSTSimple,TwoOpt,8082.09,8190.67,8486.74
berlin52.tsp,MSTSimple,NodeSwap,8609.32,8980.66,9435.34
berlin52.tsp,MSTSimple,NodeShift,8067.17,8230.25,8478.61
bier127.tsp,NearestNeighbour,---,139600.49,146188.80,156573.94
bier127.tsp,NearestNeighbour,TwoOpt,124244.33,126514.72,129502.97
bier127.tsp,NearestNeighbour,NodeSwap,128504.84,133860.43,139371.14
bier127.tsp,NearestNeighbour,NodeShift,129829.59,132252.92,137293.30
bier127.tsp,SemiGreedyNearestNeighbour,---,202984.68,225620.61,249069.74
bier127.tsp,SemiGreedyNearestNeighbour,TwoOpt,126309.11,129461.39,134466.39
bier127.tsp,SemiGreedyNearestNeighbour,NodeSwap,144341.09,159603.47,182149.34
bier127.tsp,SemiGreedyNearestNeighbour,NodeShift,136817.10,146999.16,153588.11
bier127.tsp,CheapestInsertion,---,137767.75,139038.73,139977.63
bier127.tsp,CheapestInsertion,TwoOpt,130660.31,134947.17,136779.71
bier127.tsp,CheapestInsertion,NodeSwap,135895.11,137747.50,140123.46
bier127.tsp,CheapestInsertion,NodeShift,132205.69,133135.71,134256.36
bier127.tsp,SemiGreedyCheapestInsertion,---,148650.15,152124.70,155355.50
bier127.tsp,SemiGreedyCheapestInsertion,TwoOpt,125332.80,130578.62,134872.01
bier127.tsp,SemiGreedyCheapestInsertion,NodeSwap,138141.66,141332.35,144715.86
bier127.tsp,SemiGreedyCheapestInsertion,NodeShift,134543.98,136043.06,138148.22
bier127.tsp,RandomInsertion,---,124290.08,132356.56,135641.23
bier127.tsp,RandomInsertion,TwoOpt,123929.73,127985.10,132891.86
bier127.tsp,RandomInsertion,NodeSwap,124694.33,131178.59,138680.16
bier127.tsp,RandomInsertion,NodeShift,123244.37,126187.40,130508.13
bier127.tsp,MSTSimple,---,156569.81,158050.18,159387.29
bier127.tsp,MSTSimple,TwoOpt,124244.01,127899.51,132224.98
bier127.tsp,MSTSimple,NodeSwap,145029.27,146343.32,148881.37
bier127.tsp,MSTSimple,NodeShift,134447.55,139418.48,143545.57
ch130.tsp,NearestNeighbour,---,7428.43,7695.65,8644.39
ch130.tsp,NearestNeighbour,TwoOpt,6432.02,6591.80,6801.52
ch130.tsp,NearestNeighbour,NodeSwap,6939.16,7304.66,7725.83
ch130.tsp,NearestNeighbour,NodeShift,6690.69,7143.58,7667.89
ch130.tsp,SemiGreedyNearestNeighbour,---,11229.70,12425.19,13106.09
ch130.tsp,SemiGreedyNearestNeighbour,TwoOpt,6438.27,6662.71,6923.74
ch130.tsp,SemiGreedyNearestNeighbour,NodeSwap,8160.03,8564.00,9068.84
ch130.tsp,SemiGreedyNearestNeighbour,NodeShift,7487.31,8006.03,8865.57
ch130.tsp,CheapestInsertion,---,7085.89,7184.50,7305.53
ch130.tsp,CheapestInsertion,TwoOpt,6611.30,6693.36,6783.10
ch130.tsp,CheapestInsertion,NodeSwap,6606.72,6740.73,6856.77
ch130.tsp,CheapestInsertion,NodeShift,6303.30,6570.95,6737.75
ch130.tsp,SemiGreedyCheapestInsertion,---,7505.73,7938.92,8256.33
ch130.tsp,SemiGreedyCheapestInsertion,TwoOpt,6525.28,6695.43,6923.81
ch130.tsp,SemiGreedyCheapestInsertion,NodeSwap,6871.09,7138.90,7472.48
ch130.tsp,SemiGreedyCheapestInsertion,NodeShift,6581.49,6809.64,7006.57
ch130.tsp,RandomInsertion,---,6481.72,6659.00,6837.29
ch130.tsp,RandomInsertion,TwoOpt,6336.33,6513.81,6630.33
ch130.tsp,RandomInsertion,NodeSwap,6453.06,6667.40,6987.67
ch130.tsp,RandomInsertion,NodeShift,6308.33,6482.89,6616.03
ch130.tsp,MSTSimple,---,7797.85,8056.85,8159.69
ch130.tsp,MSTSimple,TwoOpt,6476.70,6603.98,6727.59
ch130.tsp,MSTSimple,NodeSwap,7321.75,7543.91,7845.62
ch130.tsp,MSTSimple,NodeShift,6898.35,7103.76,7213.61
ch150.tsp,NearestNeighbour,---,7384.92,7624.96,7925.01
ch150.tsp,NearestNeighbour,TwoOpt,6735.07,6879.62,7104.48
ch150.tsp,NearestNeighbour,NodeSwap,7059.50,7436.11,7860.17
ch150.tsp,NearestNeighbour,NodeShift,6867.98,7157.08,7419.24
ch150.tsp,SemiGreedyNearestNeighbour,---,12634.24,13453.78,14600.31
ch150.tsp,SemiGreedyNearestNeighbour,TwoOpt,6886.62,7243.68,7397.21
ch150.tsp,SemiGreedyNearestNeighbour,NodeSwap,8367.88,9069.79,9861.14
ch150.tsp,SemiGreedyNearestNeighbour,NodeShift,8158.09,8510.67,9504.16
ch150.tsp,CheapestInsertion,---,7687.93,7917.46,8142.82
ch150.tsp,CheapestInsertion,TwoOpt,6960.90,7174.35,7392.08
ch150.tsp,CheapestInsertion,NodeSwap,7451.23,7601.83,7811.29
ch150.tsp,CheapestInsertion,NodeShift,6871.92,7026.10,7093.44
ch150.tsp,SemiGreedyCheapestInsertion,---,8244.48,8564.42,8893.51
ch150.tsp,SemiGreedyCheapestInsertion,TwoOpt,6898.83,7279.63,7528.12
ch150.tsp,SemiGreedyCheapestInsertion,NodeSwap,7223.43,7682.44,8065.34
ch150.tsp,SemiGreedyCheapestInsertion,NodeShift,6963.86,7299.03,7561.87
ch150.tsp,RandomInsertion,---,7082.13,7276.37,7545.55
ch150.tsp,RandomInsertion,TwoOpt,7111.68,7189.74,7292.27
ch150.tsp,RandomInsertion,NodeSwap,7003.92,7282.59,7468.97
ch150.tsp,RandomInsertion,NodeShift,6734.64,6959.95,7190.74
ch150.tsp,MSTSimple,---,8401.18,8542.69,8713.17
ch150.tsp,MSTSimple,TwoOpt,6781.09,6987.88,7196.60
ch150.tsp,MSTSimple,NodeSwap,7650.05,7874.02,8038.39
ch150.tsp,MSTSimple,NodeShift,7223.16,7375.78,7624.24
eil101.tsp,NearestNeighbour,---,754.52,784.55,825.24
eil101.tsp,NearestNeighbour,TwoOpt,674.09,683.48,695.07
eil101.tsp,NearestNeighbour,NodeSwap,722.47,747.07,778.99
eil101.tsp,NearestNeighbour,NodeShift,690.20,701.49,721.86
eil101.tsp,SemiGreedyNearestNeighbour,---,1063.09,1135.39,1233.17
eil101.tsp,SemiGreedyNearestNeighbour,TwoOpt,688.28,702.03,721.43
eil101.tsp,SemiGreedyNearestNeighbour,NodeSwap,743.21,800.90,886.25
eil101.tsp,SemiGreedyNearestNeighbour,NodeShift,712.34,751.79,774.28
eil101.tsp,CheapestInsertion,---,723.93,731.86,740.67
eil101.tsp,CheapestInsertion,TwoOpt,686.31,702.91,717.77
eil101.tsp,CheapestInsertion,NodeSwap,689.19,707.90,730.14
eil101.tsp,CheapestInsertion,NodeShift,660.51,681.39,693.41
eil101.tsp,SemiGreedyCheapestInsertion,---,731.89,752.76,767.28
eil101.tsp,SemiGreedyCheapestInsertion,TwoOpt,679.47,689.96,712.11
eil101.tsp,SemiGreedyCheapestInsertion,NodeSwap,687.06,706.70,720.34
eil101.tsp,SemiGreedyCheapestInsertion,NodeShift,661.39,680.25,692.12
eil101.tsp,RandomInsertion,---,683.69,703.67,716.10
eil101.tsp,RandomInsertion,TwoOpt,678.40,685.57,699.04
eil101.tsp,RandomInsertion,NodeSwap,668.61,682.85,704.09
eil101.tsp,RandomInsertion,NodeShift,659.56,671.29,688.70
eil101.tsp,MSTSimple,---,827.12,841.43,863.87
eil101.tsp,MSTSimple,TwoOpt,674.76,681.37,691.65
eil101.tsp,MSTSimple,NodeSwap,706.20,730.51,755.29
eil101.tsp,MSTSimple,NodeShift,709.21,723.46,744.11
eil51.tsp,NearestNeighbour,---,520.02,546.12,585.79
eil51.tsp,NearestNeighbour,TwoOpt,438.01,452.74,463.22
eil51.tsp,NearestNeighbour,NodeSwap,484.23,510.17,549.61
eil51.tsp,NearestNeighbour,NodeShift,436.95,469.91,483.77
eil51.tsp,SemiGreedyNearestNeighbour,---,700.03,740.96,804.10
eil51.tsp,SemiGreedyNearestNeighbour,TwoOpt,449.96,466.50,493.31
eil51.tsp,SemiGreedyNearestNeighbour,NodeSwap,505.00,528.67,549.69
eil51.tsp,SemiGreedyNearestNeighbour,NodeShift,454.27,473.75,517.83
eil51.tsp,CheapestInsertion,---,474.00,486.11,496.25
eil51.tsp,CheapestInsertion,TwoOpt,451.86,459.76,480.10
eil51.tsp,CheapestInsertion,NodeSwap,462.60,472.02,480.25
eil51.tsp,CheapestInsertion,NodeShift,435.39,448.01,458.38
eil51.tsp,SemiGreedyCheapestInsertion,---,458.15,510.76,548.07
eil51.tsp,SemiGreedyCheapestInsertion,TwoOpt,447.51,464.19,486.57
eil51.tsp,SemiGreedyCheapestInsertion,NodeSwap,452.01,476.03,494.56
eil51.tsp,SemiGreedyCheapestInsertion,NodeShift,437.95,456.58,481.06
eil51.tsp,RandomInsertion,---,452.22,463.47,485.13
eil51.tsp,RandomInsertion,TwoOpt,444.25,453.48,468.35
eil51.tsp,RandomInsertion,NodeSwap,442.83,450.96,461.43
eil51.tsp,RandomInsertion,NodeShift,431.17,440.01,446.50
eil51.tsp,MSTSimple,---,604.94,627.19,640.90
eil51.tsp,MSTSimple,TwoOpt,447.85,455.81,464.46
eil51.tsp,MSTSimple,NodeSwap,511.12,536.09,556.09
eil51.tsp,MSTSimple,NodeShift,479.57,492.01,508.55
eil76.tsp,NearestNeighbour,---,636.88,654.59,697.84
eil76.tsp,NearestNeighbour,TwoOpt,560.98,583.46,620.28
eil76.tsp,NearestNeighbour,NodeSwap,594.63,627.29,667.73
eil76.tsp,NearestNeighbour,NodeShift,571.60,590.33,618.02
eil76.tsp,SemiGreedyNearestNeighbour,---,910.31,956.79,1009.09
eil76.tsp,SemiGreedyNearestNeighbour,TwoOpt,575.83,592.17,610.66
eil76.tsp,SemiGreedyNearestNeighbour,NodeSwap,666.29,695.81,750.02
eil76.tsp,SemiGreedyNearestNeighbour,NodeShift,607.89,631.89,647.78
eil76.tsp,CheapestInsertion,---,605.20,617.22,629.54
eil76.tsp,CheapestInsertion,TwoOpt,579.15,594.43,606.65
eil76.tsp,CheapestInsertion,NodeSwap,589.66,603.56,614.71
eil76.tsp,CheapestInsertion,NodeShift,566.48,577.88,585.92
eil76.tsp,SemiGreedyCheapestInsertion,---,613.97,652.47,676.99
eil76.tsp,SemiGreedyCheapestInsertion,TwoOpt,575.44,587.40,595.18
eil76.tsp,SemiGreedyCheapestInsertion,NodeSwap,589.46,611.65,632.08
eil76.tsp,SemiGreedyCheapestInsertion,NodeShift,580.01,591.08,603.10
eil76.tsp,RandomInsertion,---,578.15,596.46,618.71
eil76.tsp,RandomInsertion,TwoOpt,574.89,586.65,611.72
eil76.tsp,RandomInsertion,NodeSwap,574.32,595.97,623.41
eil76.tsp,RandomInsertion,NodeShift,561.20,571.45,585.98
eil76.tsp,MSTSimple,---,671.75,698.03,707.15
eil76.tsp,MSTSimple,TwoOpt,578.65,591.42,600.77
eil76.tsp,MSTSimple,NodeSwap,605.40,621.07,637.91
eil76.tsp,MSTSimple,NodeShift,595.30,606.11,622.12
kroA100.tsp,NearestNeighbour,---,25526.92,27261.75,28375.43
kroA100.tsp,NearestNeighbour,TwoOpt,22195.74,22654.74,23713.53
kroA100.tsp,NearestNeighbour,NodeSwap,22586.91,23899.75,25510.78
kroA100.tsp,NearestNeighbour,NodeShift,23403.80,24618.77,26091.20
kroA100.tsp,SemiGreedyNearestNeighbour,---,42263.74,44884.39,49502.92
kroA100.tsp,SemiGreedyNearestNeighbour,TwoOpt,22290.13,23198.75,24152.44
kroA100.tsp,SemiGreedyNearestNeighbour,NodeSwap,26289.75,29841.50,34204.58
kroA100.tsp,SemiGreedyNearestNeighbour,NodeShift,24144.86,26390.83,30727.87
kroA100.tsp,CheapestInsertion,---,24451.43,25166.30,26214.45
kroA100.tsp,CheapestInsertion,TwoOpt,23088.70,23468.38,24021.95
kroA100.tsp,CheapestInsertion,NodeSwap,23088.70,23757.22,24113.15
kroA100.tsp,CheapestInsertion,NodeShift,22139.75,22513.22,23136.78
kroA100.tsp,SemiGreedyCheapestInsertion,---,26468.24,28035.03,29217.80
kroA100.tsp,SemiGreedyCheapestInsertion,TwoOpt,22176.20,23410.56,25928.05
kroA100.tsp,SemiGreedyCheapestInsertion,NodeSwap,23703.03,25960.37,27459.35
kroA100.tsp,SemiGreedyCheapestInsertion,NodeShift,22813.27,24316.72,25523.73
kroA100.tsp,RandomInsertion,---,22121.22,22605.30,23777.02
kroA100.tsp,RandomInsertion,TwoOpt,21662.74,22589.62,24265.87
kroA100.tsp,RandomInsertion,NodeSwap,21821.53,22801.81,24228.12
kroA100.tsp,RandomInsertion,NodeShift,21846.08,22239.04,22980.83
kroA100.tsp,MSTSimple,---,26812.90,27600.85,28468.38
kroA100.tsp,MSTSimple,TwoOpt,22500.70,22902.67,23365.86
kroA100.tsp,MSTSimple,NodeSwap,24821.49,25304.19,26003.59
kroA100.tsp,MSTSimple,NodeShift,24212.57,24713.52,24940.21
kroB100.tsp,NearestNeighbour,---,26980.68,28231.27,30090.17
kroB100.tsp,NearestNeighbour,TwoOpt,22623.56,23430.62,24799.57
kroB100.tsp,NearestNeighbour,NodeSwap,25615.97,28040.58,29928.12
kroB100.tsp,NearestNeighbour,NodeShift,24286.76,25166.49,27024.22
kroB100.tsp,SemiGreedyNearestNeighbour,---,41867.82,46276.59,49976.72
kroB100.tsp,SemiGreedyNearestNeighbour,TwoOpt,23417.22,24251.38,25048.80
kroB100.tsp,SemiGreedyNearestNeighbour,NodeSwap,26603.89,30068.58,33923.61
kroB100.tsp,SemiGreedyNearestNeighbour,NodeShift,25443.64,27703.77,29381.55
kroB100.tsp,CheapestInsertion,---,24777.03,25253.79,26065.49
kroB100.tsp,CheapestInsertion,TwoOpt,23273.56,23760.49,24155.21
kroB100.tsp,CheapestInsertion,NodeSwap,24468.71,24662.87,25430.67
kroB100.tsp,CheapestInsertion,NodeShift,23807.27,24172.69,24546.82
kroB100.tsp,SemiGreedyCheapestInsertion,---,27251.91,28659.94,30726.10
kroB100.tsp,SemiGreedyCheapestInsertion,TwoOpt,22813.88,24031.50,24601.69
kroB100.tsp,SemiGreedyCheapestInsertion,NodeSwap,24353.03,25543.01,26963.59
kroB100.tsp,SemiGreedyCheapestInsertion,NodeShift,23913.59,24613.58,25497.39
kroB100.tsp,RandomInsertion,---,23155.34,24209.72,24953.33
kroB100.tsp,RandomInsertion,TwoOpt,22824.14,23390.33,23910.67
kroB100.tsp,RandomInsertion,NodeSwap,22663.99,23421.95,24777.14
kroB100.tsp,RandomInsertion,NodeShift,22712.14,23258.46,23738.63
kroB100.tsp,MSTSimple,---,25177.91,26195.60,27448.82
kroB100.tsp,MSTSimple,TwoOpt,22886.97,23246.88,23723.37
kroB100.tsp,MSTSimple,NodeSwap,24096.14,25147.76,25663.08
kroB100.tsp,MSTSimple,NodeShift,22609.95,23685.50,24314.18
kroC100.tsp,NearestNeighbour,---,24192.61,26525.74,28752.49
kroC100.tsp,NearestNeighbour,TwoOpt,21504.81,22295.28,22852.40
kroC100.tsp,NearestNeighbour,NodeSwap,23164.50,25124.01,27189.46
kroC100.tsp,NearestNeighbour,NodeShift,22005.19,23173.91,25396.78
kroC100.tsp,SemiGreedyNearestNeighbour,---,40781.41,44091.03,50162.33
kroC100.tsp,SemiGreedyNearestNeighbour,TwoOpt,22400.73,23021.97,24432.88
kroC100.tsp,SemiGreedyNearestNeighbour,NodeSwap,26731.05,28767.88,31366.44
kroC100.tsp,SemiGreedyNearestNeighbour,NodeShift,23501.22,27325.87,29141.29
kroC100.tsp,CheapestInsertion,---,25116.14,25403.60,25845.27
kroC100.tsp,CheapestInsertion,TwoOpt,23769.39,24085.60,24832.88
kroC100.tsp,CheapestInsertion,NodeSwap,24404.38,24697.03,25014.81
kroC100.tsp,CheapestInsertion,NodeShift,22915.97,23267.57,23568.95
kroC100.tsp,SemiGreedyCheapestInsertion,---,26554.09,27564.82,28228.04
kroC100.tsp,SemiGreedyCheapestInsertion,TwoOpt,22809.04,23570.54,24378.91
kroC100.tsp,SemiGreedyCheapestInsertion,NodeSwap,23483.75,25316.02,27559.73
kroC100.tsp,SemiGreedyCheapestInsertion,NodeShift,22898.34,23873.08,24930.37
kroC100.tsp,RandomInsertion,---,21649.59,22534.39,23519.27
kroC100.tsp,RandomInsertion,TwoOpt,20769.86,21743.54,22305.45
kroC100.tsp,RandomInsertion,NodeSwap,21662.33,22479.69,23476.95
kroC100.tsp,RandomInsertion,NodeShift,21406.34,22001.95,23045.10
kroC100.tsp,MSTSimple,---,27595.68,28064.42,28459.84
kroC100.tsp,MSTSimple,TwoOpt,22036.31,22898.28,24036.19
kroC100.tsp,MSTSimple,NodeSwap,25647.46,26191.34,27031.13
kroC100.tsp,MSTSimple,NodeShift,23807.19,24410.90,24885.02
kroD100.tsp,NearestNeighbour,---,25125.34,27347.36,28624.75
kroD100.tsp,NearestNeighbour,TwoOpt,22484.10,23352.02,24353.17
kroD100.tsp,NearestNeighbour,NodeSwap,24619.70,26682.52,29196.39
kroD100.tsp,NearestNeighbour,NodeShift,24211.13,25627.65,26909.46
kroD100.tsp,SemiGreedyNearestNeighbour,---,40857.30,45073.39,52102.75
kroD100.tsp,SemiGreedyNearestNeighbour,TwoOpt,22252.30,23377.47,24585.30
kroD100.tsp,SemiGreedyNearestNeighbour,NodeSwap,25212.23,28890.57,31767.61
kroD100.tsp,SemiGreedyNearestNeighbour,NodeShift,25786.49,27821.21,30886.36
kroD100.tsp,CheapestInsertion,---,24014.83,24979.12,25507.50
kroD100.tsp,CheapestInsertion,TwoOpt,22850.61,23394.68,23793.10
kroD100.tsp,CheapestInsertion,NodeSwap,23538.20,24632.34,25113.12
kroD100.tsp,CheapestInsertion,NodeShift,22959.83,23705.08,24089.29
kroD100.tsp,SemiGreedyCheapestInsertion,---,25871.00,28166.89,29592.58
kroD100.tsp,SemiGreedyCheapestInsertion,TwoOpt,22241.93,23171.43,24384.94
kroD100.tsp,SemiGreedyCheapestInsertion,NodeSwap,24043.35,25118.18,26234.29
kroD100.tsp,SemiGreedyCheapestInsertion,NodeShift,22786.72,24034.90,25661.76
kroD100.tsp,RandomInsertion,---,22181.08,23078.40,23919.67
kroD100.tsp,RandomInsertion,TwoOpt,21932.78,22652.53,24220.62
kroD100.tsp,RandomInsertion,NodeSwap,22404.59,23011.53,24417.85
kroD100.tsp,RandomInsertion,NodeShift,21834.55,22619.50,23348.74
kroD100.tsp,MSTSimple,---,26604.45,27392.48,28359.79
kroD100.tsp,MSTSimple,TwoOpt,22170.17,22575.88,22892.62
kroD100.tsp,MSTSimple,NodeSwap,23597.82,25246.09,26508.05
kroD100.tsp,MSTSimple,NodeShift,22986.47,23759.23,24356.38
kroE100.tsp,NearestNeighbour,---,25248.13,27162.35,29326.28
kroE100.tsp,NearestNeighbour,TwoOpt,22934.71,23488.35,24102.31
kroE100.tsp,NearestNeighbour,NodeSwap,23948.72,25236.36,26319.89
kroE100.tsp,NearestNeighbour,NodeShift,23486.78,24802.18,26103.03
kroE100.tsp,SemiGreedyNearestNeighbour,---,39774.79,44220.46,48117.40
kroE100.tsp,SemiGreedyNearestNeighbour,TwoOpt,23412.46,24103.33,24668.14
kroE100.tsp,SemiGreedyNearestNeighbour,NodeSwap,28221.49,30553.87,32790.23
kroE100.tsp,SemiGreedyNearestNeighbour,NodeShift,26437.01,28437.92,30909.93
kroE100.tsp,CheapestInsertion,---,25361.17,25834.93,26103.29
kroE100.tsp,CheapestInsertion,TwoOpt,23262.73,24103.83,25544.72
kroE100.tsp,CheapestInsertion,NodeSwap,24387.17,25096.49,25482.14
kroE100.tsp,CheapestInsertion,NodeShift,22535.86,23669.55,23940.42
kroE100.tsp,SemiGreedyCheapestInsertion,---,26083.04,28314.54,29529.95
kroE100.tsp,SemiGreedyCheapestInsertion,TwoOpt,22644.16,23910.04,24891.80
kroE100.tsp,SemiGreedyCheapestInsertion,NodeSwap,24809.07,25712.42,26519.64
kroE100.tsp,SemiGreedyCheapestInsertion,NodeShift,22505.78,23825.94,25350.08
kroE100.tsp,RandomInsertion,---,23643.67,24027.69,24551.29
kroE100.tsp,RandomInsertion,TwoOpt,22675.20,23384.06,24735.07
kroE100.tsp,RandomInsertion,NodeSwap,23164.91,23826.69,24602.44
kroE100.tsp,RandomInsertion,NodeShift,22325.62,23234.16,24165.75
kroE100.tsp,MSTSimple,---,27978.78,29860.35,31219.94
kroE100.tsp,MSTSimple,TwoOpt,22590.38,23060.30,23783.03
kroE100.tsp,MSTSimple,NodeSwap,25210.41,26199.71,27233.75
kroE100.tsp,MSTSimple,NodeShift,24778.07,25667.32,26861.73
lin105.tsp,NearestNeighbour,---,16939.44,18232.64,19717.97
lin105.tsp,NearestNeighbour,TwoOpt,15025.31,15362.09,16390.78
lin105.tsp,NearestNeighbour,NodeSwap,16419.64,18076.86,19093.65
lin105.tsp,NearestNeighbour,NodeShift,15061.84,16029.80,17418.91
lin105.tsp,SemiGreedyNearestNeighbour,---,27952.29,31404.28,34744.62
lin105.tsp,SemiGreedyNearestNeighbour,TwoOpt,15150.05,15746.01,16409.30
lin105.tsp,SemiGreedyNearestNeighbour,NodeSwap,19415.15,20573.29,22982.81
lin105.tsp,SemiGreedyNearestNeighbour,NodeShift,17166.29,18599.00,20803.31
lin105.tsp,CheapestInsertion,---,16649.41,17108.96,17551.16
lin105.tsp,CheapestInsertion,TwoOpt,15363.95,16104.17,16484.59
lin105.tsp,CheapestInsertion,NodeSwap,16514.14,16777.07,17210.16
lin105.tsp,CheapestInsertion,NodeShift,15556.47,15911.50,16170.57
lin105.tsp,SemiGreedyCheapestInsertion,---,18913.70,19552.36,20893.38
lin105.tsp,SemiGreedyCheapestInsertion,TwoOpt,15375.73,15804.87,16352.48
lin105.tsp,SemiGreedyCheapestInsertion,NodeSwap,16797.31,17420.50,18128.18
lin105.tsp,SemiGreedyCheapestInsertion,NodeShift,15668.90,16184.45,16544.66
lin105.tsp,RandomInsertion,---,15582.04,16077.26,16849.03
lin105.tsp,RandomInsertion,TwoOpt,14841.33,15361.30,15787.00
lin105.tsp,RandomInsertion,NodeSwap,15008.39,15763.56,16469.04
lin105.tsp,RandomInsertion,NodeShift,14734.43,15560.08,16189.35
lin105.tsp,MSTSimple,---,18823.55,19519.89,19933.60
lin105.tsp,MSTSimple,TwoOpt,15292.07,15650.60,16098.00
lin105.tsp,MSTSimple,NodeSwap,16570.99,17603.28,18058.94
lin105.tsp,MSTSimple,NodeShift,16268.87,16484.83,17073.38
lin318.tsp,NearestNeighbour,---,49215.61,52959.00,55100.68
lin318.tsp,NearestNeighbour,TwoOpt,45026.32,45508.10,46079.40
lin318.tsp,NearestNeighbour,NodeSwap,50548.33,52416.80,53787.48
lin318.tsp,NearestNeighbour,NodeShift,46719.10,47919.61,48908.44
lin318.tsp,SemiGreedyNearestNeighbour,---,84693.06,91035.18,101055.24
lin318.tsp,SemiGreedyNearestNeighbour,TwoOpt,45285.82,46533.80,47980.82
lin318.tsp,SemiGreedyNearestNeighbour,NodeSwap,58490.00,63070.54,65881.85
lin318.tsp,SemiGreedyNearestNeighbour,NodeShift,54252.18,57135.42,60103.31
lin318.tsp,CheapestInsertion,---,49777.84,50077.20,50322.17
lin318.tsp,CheapestInsertion,TwoOpt,45319.35,46394.20,47227.09
lin318.tsp,CheapestInsertion,NodeSwap,47851.94,48799.33,49530.27
lin318.tsp,CheapestInsertion,NodeShift,46002.93,46709.89,47263.10
lin318.tsp,SemiGreedyCheapestInsertion,---,53840.86,55908.63,57207.84
lin318.tsp,SemiGreedyCheapestInsertion,TwoOpt,45579.61,46228.52,47089.34
lin318.tsp,SemiGreedyCheapestInsertion,NodeSwap,49107.57,50458.85,51457.98
lin318.tsp,SemiGreedyCheapestInsertion,NodeShift,46220.83,47215.91,48294.96
lin318.tsp,RandomInsertion,---,46157.51,47155.95,48570.09
lin318.tsp,RandomInsertion,TwoOpt,44577.19,45262.85,46112.42
lin318.tsp,RandomInsertion,NodeSwap,44911.08,45985.21,46855.92
lin318.tsp,RandomInsertion,NodeShift,44501.85,45072.43,45780.55
lin318.tsp,MSTSimple,---,57235.92,57841.21,58292.69
lin318.tsp,MSTSimple,TwoOpt,44456.59,45323.97,46061.23
lin318.tsp,MSTSimple,NodeSwap,52647.37,53434.14,53922.47
lin318.tsp,MSTSimple,NodeShift,47275.13,47531.88,47975.51
pr124.tsp,NearestNeighbour,---,67575.57,71507.56,77355.27
pr124.tsp,NearestNeighbour,TwoOpt,59602.83,61655.19,64184.44
pr124.tsp,NearestNeighbour,NodeSwap,63673.18,66578.46,68009.57
pr124.tsp,NearestNeighbour,NodeShift,60144.91,63721.41,68588.02
pr124.tsp,SemiGreedyNearestNeighbour,---,124259.56,138241.13,156291.73
pr124.tsp,SemiGreedyNearestNeighbour,TwoOpt,59948.72,62555.78,68088.48
pr124.tsp,SemiGreedyNearestNeighbour,NodeSwap,70265.83,83496.90,89496.43
pr124.tsp,SemiGreedyNearestNeighbour,NodeShift,71072.96,77959.00,93094.37
pr124.tsp,CheapestInsertion,---,66042.01,67150.19,68480.39
pr124.tsp,CheapestInsertion,TwoOpt,61271.47,62210.74,63951.26
pr124.tsp,CheapestInsertion,NodeSwap,63483.22,65301.94,67781.40
pr124.tsp,CheapestInsertion,NodeShift,61228.14,62888.63,64056.66
pr124.tsp,SemiGreedyCheapestInsertion,---,76933.71,81933.70,84449.14
pr124.tsp,SemiGreedyCheapestInsertion,TwoOpt,60996.77,63030.58,65099.95
pr124.tsp,SemiGreedyCheapestInsertion,NodeSwap,69839.48,71803.78,73805.66
pr124.tsp,SemiGreedyCheapestInsertion,NodeShift,64454.13,67686.98,71520.12
pr124.tsp,RandomInsertion,---,61560.10,63144.23,66600.32
pr124.tsp,RandomInsertion,TwoOpt,60315.75,61650.75,63312.37
pr124.tsp,RandomInsertion,NodeSwap,60973.92,63017.56,65348.81
pr124.tsp,RandomInsertion,NodeShift,60120.58,61328.66,62935.55
pr124.tsp,MSTSimple,---,72603.65,77166.05,79288.38
pr124.tsp,MSTSimple,TwoOpt,60304.03,61694.87,62968.76
pr124.tsp,MSTSimple,NodeSwap,68259.93,70354.18,72423.76
pr124.tsp,MSTSimple,NodeShift,63015.27,67226.27,69818.73
pr144.tsp,NearestNeighbour,---,61206.98,64929.70,69378.12
pr144.tsp,NearestNeighbour,TwoOpt,58721.35,60964.97,64736.14
pr144.tsp,NearestNeighbour,NodeSwap,63250.77,67526.90,76610.78
pr144.tsp,NearestNeighbour,NodeShift,60488.97,64977.03,73515.33
pr144.tsp,SemiGreedyNearestNeighbour,---,126318.20,147882.87,161151.87
pr144.tsp,SemiGreedyNearestNeighbour,TwoOpt,59613.25,61248.22,63723.43
pr144.tsp,SemiGreedyNearestNeighbour,NodeSwap,82221.40,85868.47,89466.01
pr144.tsp,SemiGreedyNearestNeighbour,NodeShift,73201.64,86585.62,97186.39
pr144.tsp,CheapestInsertion,---,68319.65,71598.15,74714.78
pr144.tsp,CheapestInsertion,TwoOpt,59662.09,62092.78,67223.31
pr144.tsp,CheapestInsertion,NodeSwap,67008.91,71420.84,74628.03
pr144.tsp,CheapestInsertion,NodeShift,66386.99,69107.27,73509.98
pr144.tsp,SemiGreedyCheapestInsertion,---,80398.20,84852.40,90087.66
pr144.tsp,SemiGreedyCheapestInsertion,TwoOpt,59210.94,61493.60,64489.60
pr144.tsp,SemiGreedyCheapestInsertion,NodeSwap,68726.90,73342.15,77409.01
pr144.tsp,SemiGreedyCheapestInsertion,NodeShift,64182.45,67612.74,71770.10
pr144.tsp,RandomInsertion,---,61900.81,64142.41,69510.86
pr144.tsp,RandomInsertion,TwoOpt,59634.92,61052.10,63408.88
pr144.tsp,RandomInsertion,NodeSwap,60251.85,62484.33,64878.39
pr144.tsp,RandomInsertion,NodeShift,59495.93,62602.09,64761.54
pr144.tsp,MSTSimple,---,75016.06,79766.36,81928.79
pr144.tsp,MSTSimple,TwoOpt,58862.09,60732.82,62416.14
pr144.tsp,MSTSimple,NodeSwap,75213.34,77700.50,81303.58
pr144.tsp,MSTSimple,NodeShift,72031.14,76796.49,79049.06
pr76.tsp,NearestNeighbour,---,131607.48,144100.15,154936.76
pr76.tsp,NearestNeighbour,TwoOpt,110283.48,114478.18,119743.40
pr76.tsp,NearestNeighbour,NodeSwap,119751.82,133379.62,144578.38
pr76.tsp,NearestNeighbour,NodeShift,123289.41,128709.82,135988.57
pr76.tsp,SemiGreedyNearestNeighbour,---,210986.08,223490.74,255203.84
pr76.tsp,SemiGreedyNearestNeighbour,TwoOpt,111237.16,115194.54,119664.63
pr76.tsp,SemiGreedyNearestNeighbour,NodeSwap,135869.32,148602.39,159489.95
pr76.tsp,SemiGreedyNearestNeighbour,NodeShift,122058.61,131851.35,140159.11
pr76.tsp,CheapestInsertion,---,125274.37,127048.12,128134.77
pr76.tsp,CheapestInsertion,TwoOpt,113592.48,118346.77,121012.92
pr76.tsp,CheapestInsertion,NodeSwap,119064.15,122804.45,126074.65
pr76.tsp,CheapestInsertion,NodeShift,116219.07,120005.66,122936.02
pr76.tsp,SemiGreedyCheapestInsertion,---,131521.61,140058.75,148592.20
pr76.tsp,SemiGreedyCheapestInsertion,TwoOpt,113473.80,118406.70,122814.12
pr76.tsp,SemiGreedyCheapestInsertion,NodeSwap,121334.26,127156.69,130904.39
pr76.tsp,SemiGreedyCheapestInsertion,NodeShift,112181.49,120399.77,126183.20
pr76.tsp,RandomInsertion,---,112866.57,115760.17,120131.82
pr76.tsp,RandomInsertion,TwoOpt,112891.37,115223.83,119848.65
pr76.tsp,RandomInsertion,NodeSwap,111194.98,113820.59,117737.43
pr76.tsp,RandomInsertion,NodeShift,109920.68,112233.20,114682.06
pr76.tsp,MSTSimple,---,145261.49,145579.16,146144.65
pr76.tsp,MSTSimple,TwoOpt,113539.76,119475.46,126961.66
pr76.tsp,MSTSimple,NodeSwap,134923.52,138783.67,140853.13
pr76.tsp,MSTSimple,NodeShift,126966.77,129426.54,130364.95
rat195.tsp,NearestNeighbour,---,2666.73,2789.02,2902.59
rat195.tsp,NearestNeighbour,TwoOpt,2427.46,2477.03,2558.28
rat195.tsp,NearestNeighbour,NodeSwap,2652.28,2734.65,2915.81
rat195.tsp,NearestNeighbour,NodeShift,2528.63,2564.20,2608.94
rat195.tsp,SemiGreedyNearestNeighbour,---,4546.43,4761.95,5022.91
rat195.tsp,SemiGreedyNearestNeighbour,TwoOpt,2530.62,2631.84,2738.76
rat195.tsp,SemiGreedyNearestNeighbour,NodeSwap,3163.67,3291.74,3514.78
rat195.tsp,SemiGreedyNearestNeighbour,NodeShift,2806.71,2952.08,3111.12
rat195.tsp,CheapestInsertion,---,2678.20,2741.72,2779.79
rat195.tsp,CheapestInsertion,TwoOpt,2547.11,2597.35,2671.59
rat195.tsp,CheapestInsertion,NodeSwap,2639.14,2662.57,2711.03
rat195.tsp,CheapestInsertion,NodeShift,2464.91,2533.49,2579.73
rat195.tsp,SemiGreedyCheapestInsertion,---,2835.58,2940.26,3059.39
rat195.tsp,SemiGreedyCheapestInsertion,TwoOpt,2530.21,2583.60,2625.75
rat195.tsp,SemiGreedyCheapestInsertion,NodeSwap,2652.14,2721.39,2827.34
rat195.tsp,SemiGreedyCheapestInsertion,NodeShift,2480.01,2562.56,2710.59
rat195.tsp,RandomInsertion,---,2627.24,2670.62,2696.36
rat195.tsp,RandomInsertion,TwoOpt,2522.18,2591.89,2654.10
rat195.tsp,RandomInsertion,NodeSwap,2566.24,2625.10,2677.20
rat195.tsp,RandomInsertion,NodeShift,2465.84,2539.22,2606.85
rat195.tsp,MSTSimple,---,3178.47,3298.13,3408.86
rat195.tsp,MSTSimple,TwoOpt,2482.50,2508.69,2542.88
rat195.tsp,MSTSimple,NodeSwap,2830.68,2897.79,2973.30
rat195.tsp,MSTSimple,NodeShift,2599.95,2667.46,2711.06
rat99.tsp,NearestNeighbour,---,1429.06,1489.11,1614.50
rat99.tsp,NearestNeighbour,TwoOpt,1259.11,1295.05,1331.29
rat99.tsp,NearestNeighbour,NodeSwap,1322.12,1388.27,1490.18
rat99.tsp,NearestNeighbour,NodeShift,1279.02,1336.50,1429.31
rat99.tsp,SemiGreedyNearestNeighbour,---,2267.52,2378.87,2550.23
rat99.tsp,SemiGreedyNearestNeighbour,TwoOpt,1266.93,1342.46,1396.36
rat99.tsp,SemiGreedyNearestNeighbour,NodeSwap,1534.37,1644.75,1762.83
rat99.tsp,SemiGreedyNearestNeighbour,NodeShift,1407.55,1487.67,1596.94
rat99.tsp,CheapestInsertion,---,1416.12,1450.29,1483.19
rat99.tsp,CheapestInsertion,TwoOpt,1318.91,1357.51,1384.84
rat99.tsp,CheapestInsertion,NodeSwap,1389.11,1405.72,1438.22
rat99.tsp,CheapestInsertion,NodeShift,1295.38,1314.03,1343.27
rat99.tsp,SemiGreedyCheapestInsertion,---,1487.51,1544.99,1643.43
rat99.tsp,SemiGreedyCheapestInsertion,TwoOpt,1300.30,1339.60,1374.58
rat99.tsp,SemiGreedyCheapestInsertion,NodeSwap,1355.79,1412.43,1489.45
rat99.tsp,SemiGreedyCheapestInsertion,NodeShift,1292.57,1341.77,1384.32
rat99.tsp,RandomInsertion,---,1301.69,1356.28,1384.22
rat99.tsp,RandomInsertion,TwoOpt,1269.39,1320.24,1353.41
rat99.tsp,RandomInsertion,NodeSwap,1297.64,1329.12,1399.25
rat99.tsp,RandomInsertion,NodeShift,1259.38,1296.92,1343.24
rat99.tsp,MSTSimple,---,1647.47,1683.01,1702.41
rat99.tsp,MSTSimple,TwoOpt,1279.51,1326.55,1352.38
rat99.tsp,MSTSimple,NodeSwap,1444.83,1489.06,1539.03
rat99.tsp,MSTSimple,NodeShift,1333.64,1373.62,1410.04
st70.tsp,NearestNeighbour,---,780.30,824.27,874.61
st70.tsp,NearestNeighbour,TwoOpt,695.73,718.75,757.90
st70.tsp,NearestNeighbour,NodeSwap,731.03,783.25,814.73
st70.tsp,NearestNeighbour,NodeShift,709.92,753.55,819.32
st70.tsp,SemiGreedyNearestNeighbour,---,1232.52,1328.10,1526.09
st70.tsp,SemiGreedyNearestNeighbour,TwoOpt,718.91,740.90,786.77
st70.tsp,SemiGreedyNearestNeighbour,NodeSwap,798.10,878.73,969.46
st70.tsp,SemiGreedyNearestNeighbour,NodeShift,746.33,820.24,907.44
st70.tsp,CheapestInsertion,---,745.42,778.01,794.61
st70.tsp,CheapestInsertion,TwoOpt,718.93,734.32,755.48
st70.tsp,CheapestInsertion,NodeSwap,733.08,741.14,762.42
st70.tsp,CheapestInsertion,NodeShift,714.09,726.75,737.60
st70.tsp,SemiGreedyCheapestInsertion,---,763.95,835.38,890.02
st70.tsp,SemiGreedyCheapestInsertion,TwoOpt,710.11,736.75,753.66
st70.tsp,SemiGreedyCheapestInsertion,NodeSwap,729.52,774.81,802.72
st70.tsp,SemiGreedyCheapestInsertion,NodeShift,707.18,737.48,760.85
st70.tsp,RandomInsertion,---,698.68,729.21,753.30
st70.tsp,RandomInsertion,TwoOpt,692.49,711.41,738.60
st70.tsp,RandomInsertion,NodeSwap,688.35,711.39,739.57
st70.tsp,RandomInsertion,NodeShift,682.57,710.89,734.53
st70.tsp,MSTSimple,---,838.73,869.75,894.84
st70.tsp,MSTSimple,TwoOpt,697.44,714.21,732.54
st70.tsp,MSTSimple,NodeSwap,745.32,794.63,820.73
st70.tsp,MSTSimple,NodeShift,743.53,753.04,772.24
